{"mean": [56.50242962828147, 206.04381476064398, 0.46537306757719055, 4.154155838652302, 1330.2438987820556, 58.727968856841564, 220.03223876650995, 1330.2442196189936, 0.3430970541414707, 60.99508951493431, 232.81250090371842, 142.26368598638356, 16.002226700213406, 21.570190678645965, 222.04947809763308, 3.74721500444365, 0.7897343935213413, 0.32601832053388535], "scale": [51.10905834566293, 288.2669634147113, 0.7208242258752898, 2.545419346540901, 2467.939531661464, 21.438275190699205, 287.9970693605271, 2467.9393823883206, 0.27763968647010123, 13.3200069648133, 209.68018908291145, 144.8208043870475, 2.5958642663282285, 6.333534444557035, 399.53267071888536, 0.5117395962520533, 1.5870289248013052, 0.13163716448444546]}